filename,true,pred,conf
real_24205_5625.jpg,Fake,Real,0.8027278184890747
real_6798_5088.jpg,Fake,Real,0.8027278184890747
real_11241_8871.jpg,Fake,Real,0.8027278184890747
fake_34746_3663.jpg,Real,Fake,0.5346314907073975
real_35877_8321.jpg,Fake,Real,0.8093632012605667
real_35934_5462.jpg,Fake,Real,0.6806091070175171
real_28028_3590.jpg,Fake,Real,0.8027278184890747
real_17981_8495.jpg,Fake,Real,0.9105796664953232
fake_4512_3366.jpg,Real,Fake,0.7999318242073059
real_14192_4061.jpg,Fake,Real,0.8027278184890747
real_36218_5792.jpg,Fake,Real,0.8027278184890747
real_25566_6312.jpg,Fake,Real,0.8027278184890747
real_29662_9888.jpg,Fake,Real,0.8027278184890747
real_16036_9393.jpg,Fake,Real,0.8027278184890747
real_12984_5450.jpg,Fake,Real,0.8027278184890747
real_3290_7474.jpg,Fake,Real,0.6089779436588287
real_8412_5767.jpg,Fake,Real,0.8027278184890747
real_27367_5953.jpg,Fake,Real,0.7900774031877518
real_27780_4515.jpg,Fake,Real,0.8027278184890747
real_38004_2686.jpg,Fake,Real,0.8027278184890747
real_14765_8533.jpg,Fake,Real,0.9543646983802319
real_30923_3980.jpg,Fake,Real,0.8027278184890747
real_37674_2404.jpg,Fake,Real,0.8027278184890747
real_3298_2020.jpg,Fake,Real,0.8027278184890747
real_6069_7807.jpg,Fake,Real,0.8027278184890747
real_29375_1137.jpg,Fake,Real,0.8027278184890747
real_27156_5837.jpg,Fake,Real,0.8027278184890747
real_31092_7978.jpg,Fake,Real,0.8027278184890747
real_5432_8856.jpg,Fake,Real,0.8027278184890747
real_14286_8800.jpg,Fake,Real,0.8027278184890747
real_13351_5584.jpg,Fake,Real,0.8027278184890747
real_29366_4183.jpg,Fake,Real,0.8027278184890747
real_9184_7955.jpg,Fake,Real,0.9970974633470178
fake_5446_4436.jpg,Real,Fake,0.6337792873382568
real_13834_5453.jpg,Fake,Real,0.6977118253707886
real_22903_1068.jpg,Fake,Real,0.8027278184890747
real_22780_5986.jpg,Fake,Real,0.8027278184890747
real_33435_6741.jpg,Fake,Real,0.5813727080821991
real_32976_9081.jpg,Fake,Real,0.8027278184890747
real_28656_6130.jpg,Fake,Real,0.8027278184890747
real_11642_1197.jpg,Fake,Real,0.8027278184890747
real_12007_3872.jpg,Fake,Real,0.6349653899669647
real_8913_5052.jpg,Fake,Real,0.8027278184890747
real_16400_9346.jpg,Fake,Real,0.8027278184890747
real_28311_5679.jpg,Fake,Real,0.8027278184890747
fake_31790_5289.jpg,Real,Fake,0.5716646909713745
real_27807_1026.jpg,Fake,Real,0.8027278184890747
real_37878_3333.jpg,Fake,Real,0.8027278184890747
real_7014_1219.jpg,Fake,Real,0.8027278184890747
real_20112_6834.jpg,Fake,Real,0.8027278184890747
real_39236_5516.jpg,Fake,Real,0.8027278184890747
real_13601_2276.jpg,Fake,Real,0.8027278184890747
real_5213_7132.jpg,Fake,Real,0.8027278184890747
real_31531_9660.jpg,Fake,Real,0.6827298104763031
real_9002_6151.jpg,Fake,Real,0.8027278184890747
real_11979_8652.jpg,Fake,Real,0.8027278184890747
real_28670_6681.jpg,Fake,Real,0.8027278184890747
real_25648_8858.jpg,Fake,Real,0.8027278184890747
real_17375_7267.jpg,Fake,Real,0.8027278184890747
real_32773_4369.jpg,Fake,Real,0.8027278184890747
real_32822_4677.jpg,Fake,Real,0.8027278184890747
real_32210_5332.jpg,Fake,Real,0.8027278184890747
real_2582_6078.jpg,Fake,Real,0.8027278184890747
real_443_1342.jpg,Fake,Real,0.5442544221878052
real_30662_7274.jpg,Fake,Real,0.8027278184890747
real_26978_3432.jpg,Fake,Real,0.8027278184890747
real_20719_1673.jpg,Fake,Real,0.8027278184890747
real_22700_7994.jpg,Fake,Real,0.8027278184890747
real_306_1439.jpg,Fake,Real,0.8027278184890747
real_19112_1303.jpg,Fake,Real,0.8027278184890747
real_30160_8921.jpg,Fake,Real,0.8027278184890747
real_7693_6331.jpg,Fake,Real,0.8027278184890747
real_38971_2985.jpg,Fake,Real,0.5203509032726288
real_29358_8992.jpg,Fake,Real,0.8027278184890747
real_38169_9238.jpg,Fake,Real,0.9199799969792366
real_9322_4604.jpg,Fake,Real,0.8027278184890747
real_35397_9292.jpg,Fake,Real,0.8027278184890747
real_21992_1189.jpg,Fake,Real,0.8027278184890747
real_17610_5948.jpg,Fake,Real,0.8027278184890747
real_13424_1987.jpg,Fake,Real,0.5835723280906677
real_18945_4667.jpg,Fake,Real,0.8027278184890747
real_29315_8529.jpg,Fake,Real,0.8027278184890747
real_27521_4692.jpg,Fake,Real,0.7455208897590637
real_5498_6343.jpg,Fake,Real,0.8027278184890747
real_20007_7408.jpg,Fake,Real,0.8027278184890747
real_7212_6905.jpg,Fake,Real,0.8027278184890747
fake_31580_3902.jpg,Real,Fake,0.8951806426048279
real_36934_4389.jpg,Fake,Real,0.8027278184890747
real_26117_4421.jpg,Fake,Real,0.8027278184890747
real_30395_2965.jpg,Fake,Real,0.8027278184890747
real_29468_2042.jpg,Fake,Real,0.8027278184890747
real_33121_1168.jpg,Fake,Real,0.8027278184890747
real_1964_1606.jpg,Fake,Real,0.8027278184890747
real_37776_5546.jpg,Fake,Real,0.8027278184890747
real_36675_9401.jpg,Fake,Real,0.865327775478363
real_11856_7513.jpg,Fake,Real,0.8027278184890747
real_13390_5021.jpg,Fake,Real,0.8027278184890747
fake_30608_6962.jpg,Real,Fake,0.6822326183319092
real_35432_3149.jpg,Fake,Real,0.8027278184890747
real_17855_4373.jpg,Fake,Real,0.8027278184890747
real_5650_8817.jpg,Fake,Real,0.8027278184890747
real_18661_7327.jpg,Fake,Real,0.8027278184890747
real_7871_4970.jpg,Fake,Real,0.8027278184890747
real_28863_1413.jpg,Fake,Real,0.8027278184890747
real_27002_8633.jpg,Fake,Real,0.8027278184890747
real_459_6627.jpg,Fake,Real,0.8027278184890747
fake_18066_5623.jpg,Real,Fake,0.5488161444664001
real_34548_4283.jpg,Fake,Real,0.8027278184890747
real_34978_5762.jpg,Fake,Real,0.8027278184890747
real_16227_1729.jpg,Fake,Real,0.8027278184890747
real_39525_7523.jpg,Fake,Real,0.8027278184890747
real_22469_9685.jpg,Fake,Real,0.8027278184890747
fake_13898_6625.jpg,Real,Fake,0.5547247529029846
fake_36450_3605.jpg,Real,Fake,0.6316962838172913
real_15535_3367.jpg,Fake,Real,0.8027278184890747
real_10584_9877.jpg,Fake,Real,0.8027278184890747
real_20734_5458.jpg,Fake,Real,0.8027278184890747
real_31884_8376.jpg,Fake,Real,0.8027278184890747
real_11744_4103.jpg,Fake,Real,0.8869788870215416
real_31832_4988.jpg,Fake,Real,0.8027278184890747
real_27680_2479.jpg,Fake,Real,0.7029852867126465
real_8689_8438.jpg,Fake,Real,0.8027278184890747
real_25265_4864.jpg,Fake,Real,0.5637686848640442
real_37207_9424.jpg,Fake,Real,0.8027278184890747
real_21429_9028.jpg,Fake,Real,0.8027278184890747
real_1420_8215.jpg,Fake,Real,0.8027278184890747
real_25194_8218.jpg,Fake,Real,0.8027278184890747
fake_37862_6355.jpg,Real,Fake,0.5206178426742554
real_17809_3215.jpg,Fake,Real,0.8027278184890747
real_662_9018.jpg,Fake,Real,0.8027278184890747
real_39945_3834.jpg,Fake,Real,0.7407518923282623
real_24230_2930.jpg,Fake,Real,0.8027278184890747
real_19055_9560.jpg,Fake,Real,0.6189368665218353
real_27248_3056.jpg,Fake,Real,0.8027278184890747
real_39749_5910.jpg,Fake,Real,0.8027278184890747
real_24316_5119.jpg,Fake,Real,0.8027278184890747
real_31749_4409.jpg,Fake,Real,0.8027278184890747
real_10662_5843.jpg,Fake,Real,0.8027278184890747
real_38387_1806.jpg,Fake,Real,0.8027278184890747
real_23958_9260.jpg,Fake,Real,0.8027278184890747
real_14106_5919.jpg,Fake,Real,0.6781679689884186
real_37902_9024.jpg,Fake,Real,0.8027278184890747
real_13959_5104.jpg,Fake,Real,0.8027278184890747
real_27734_2902.jpg,Fake,Real,0.8027278184890747
real_16259_2141.jpg,Fake,Real,0.8027278184890747
real_6276_1524.jpg,Fake,Real,0.8027278184890747
real_18591_5696.jpg,Fake,Real,0.8027278184890747
real_27665_8274.jpg,Fake,Real,0.8027278184890747
fake_6287_7390.jpg,Real,Fake,0.5602504014968872
real_24025_6570.jpg,Fake,Real,0.8027278184890747
real_3943_7921.jpg,Fake,Real,0.8027278184890747
real_31098_1230.jpg,Fake,Real,0.8027278184890747
real_37847_9013.jpg,Fake,Real,0.8027278184890747
real_26650_3478.jpg,Fake,Real,0.8027278184890747
real_36325_8815.jpg,Fake,Real,0.8027278184890747
real_16215_8954.jpg,Fake,Real,0.6022487878799438
real_14787_4342.jpg,Fake,Real,0.8027278184890747
real_19259_8693.jpg,Fake,Real,0.8027278184890747
real_9828_8038.jpg,Fake,Real,0.8027278184890747
real_29393_2611.jpg,Fake,Real,0.7457543909549713
real_12581_5146.jpg,Fake,Real,0.8027278184890747
real_858_1686.jpg,Fake,Real,0.8027278184890747
real_27309_1720.jpg,Fake,Real,0.8027278184890747
real_34470_5322.jpg,Fake,Real,0.8027278184890747
real_10286_6335.jpg,Fake,Real,0.6437442898750305
real_36468_7310.jpg,Fake,Real,0.8027278184890747
fake_22152_5757.jpg,Real,Fake,0.7373672127723694
real_14949_9770.jpg,Fake,Real,0.8027278184890747
real_38822_7809.jpg,Fake,Real,0.8027278184890747
real_24561_9547.jpg,Fake,Real,0.8027278184890747
real_35066_4317.jpg,Fake,Real,0.8027278184890747
real_32114_4348.jpg,Fake,Real,0.8027278184890747
real_4330_2610.jpg,Fake,Real,0.8027278184890747
real_6750_8815.jpg,Fake,Real,0.8027278184890747
real_7041_7955.jpg,Fake,Real,0.8027278184890747
real_18825_7836.jpg,Fake,Real,0.8027278184890747
real_36609_5882.jpg,Fake,Real,0.8027278184890747
real_19306_4435.jpg,Fake,Real,0.8027278184890747
real_26357_8487.jpg,Fake,Real,0.8027278184890747
real_28552_9474.jpg,Fake,Real,0.8027278184890747
real_34944_8015.jpg,Fake,Real,0.6398811638355255
real_20095_3759.jpg,Fake,Real,0.8027278184890747
real_35183_1365.jpg,Fake,Real,0.5363502204418182
fake_5804_9537.jpg,Real,Fake,0.6093272566795349
fake_37344_4816.jpg,Real,Fake,0.7893007397651672
real_18317_5562.jpg,Fake,Real,0.6270411014556885
real_6645_8623.jpg,Fake,Real,0.8027278184890747
real_11776_4170.jpg,Fake,Real,0.8027278184890747
real_5055_5765.jpg,Fake,Real,0.8027278184890747
real_15176_8139.jpg,Fake,Real,0.8027278184890747
fake_31675_3195.jpg,Real,Fake,0.6797845363616943
real_38610_6606.jpg,Fake,Real,0.8027278184890747
real_16884_2567.jpg,Fake,Real,0.8851526081562042
real_456_6285.jpg,Fake,Real,0.8027278184890747
real_4713_8361.jpg,Fake,Real,0.8027278184890747
real_16923_2363.jpg,Fake,Real,0.5738116204738617
real_18365_2136.jpg,Fake,Real,0.8027278184890747
real_18237_1946.jpg,Fake,Real,0.8027278184890747
real_28824_9735.jpg,Fake,Real,0.8027278184890747
real_34611_4035.jpg,Fake,Real,0.748750627040863
real_34387_7342.jpg,Fake,Real,0.8027278184890747
real_12399_6244.jpg,Fake,Real,0.8027278184890747
real_10141_7553.jpg,Fake,Real,0.8027278184890747
real_19660_1979.jpg,Fake,Real,0.8027278184890747
real_6725_4351.jpg,Fake,Real,0.8027278184890747
real_2486_6163.jpg,Fake,Real,0.8027278184890747
fake_18562_2038.jpg,Real,Fake,0.5464337468147278
real_39894_3385.jpg,Fake,Real,0.8027278184890747
real_7622_6745.jpg,Fake,Real,0.7525351196527481
real_31711_9659.jpg,Fake,Real,0.8027278184890747
real_38099_5482.jpg,Fake,Real,0.8027278184890747
real_15622_2721.jpg,Fake,Real,0.8027278184890747
fake_5290_1025.jpg,Real,Fake,0.5664381980895996
real_36090_3837.jpg,Fake,Real,0.8027278184890747
real_7749_2334.jpg,Fake,Real,0.642137885093689
real_13774_4159.jpg,Fake,Real,0.8027278184890747
fake_6339_5198.jpg,Real,Fake,0.8354114890098572
real_21683_2170.jpg,Fake,Real,0.8308865875005722
real_26579_7922.jpg,Fake,Real,0.8027278184890747
real_2123_7094.jpg,Fake,Real,0.8027278184890747
real_29502_7329.jpg,Fake,Real,0.8027278184890747
real_147_4670.jpg,Fake,Real,0.8027278184890747
real_27560_1881.jpg,Fake,Real,0.8027278184890747
real_32317_8646.jpg,Fake,Real,0.8027278184890747
real_21737_2372.jpg,Fake,Real,0.8027278184890747
real_11278_1858.jpg,Fake,Real,0.8027278184890747
fake_11680_5971.jpg,Real,Fake,0.5805802941322327
real_22105_3466.jpg,Fake,Real,0.8027278184890747
fake_5324_5823.jpg,Real,Fake,0.9775000214576721
real_2210_1474.jpg,Fake,Real,0.8027278184890747
fake_341_8588.jpg,Real,Fake,0.634138286113739
real_29974_2968.jpg,Fake,Real,0.5676614046096802
real_3567_7789.jpg,Fake,Real,0.8027278184890747
real_28425_4050.jpg,Fake,Real,0.8027278184890747
real_7100_5721.jpg,Fake,Real,0.8027278184890747
real_31152_6159.jpg,Fake,Real,0.8027278184890747
real_6306_9443.jpg,Fake,Real,0.8027278184890747
real_22200_3531.jpg,Fake,Real,0.8027278184890747
real_21550_6047.jpg,Fake,Real,0.8027278184890747
real_32283_7701.jpg,Fake,Real,0.8027278184890747
real_20249_5743.jpg,Fake,Real,0.8027278184890747
real_16757_7027.jpg,Fake,Real,0.8027278184890747
real_24195_4710.jpg,Fake,Real,0.8693840503692627
fake_19628_9989.jpg,Real,Fake,0.9591783285140991
real_3603_2750.jpg,Fake,Real,0.8027278184890747
real_27913_2879.jpg,Fake,Real,0.8027278184890747
real_37515_9840.jpg,Fake,Real,0.8027278184890747
fake_1313_5205.jpg,Real,Fake,0.890771210193634
real_13538_7335.jpg,Fake,Real,0.8027278184890747
real_2891_2903.jpg,Fake,Real,0.8027278184890747
real_2676_5649.jpg,Fake,Real,0.8027278184890747
real_13186_5061.jpg,Fake,Real,0.9761371314525604
real_4776_7350.jpg,Fake,Real,0.8564685136079788
fake_21705_3854.jpg,Real,Fake,0.5608055591583252
real_17244_1746.jpg,Fake,Real,0.8027278184890747
real_10564_7389.jpg,Fake,Real,0.8027278184890747
real_36863_6949.jpg,Fake,Real,0.5364437103271484
real_37258_8443.jpg,Fake,Real,0.8027278184890747
real_28791_2016.jpg,Fake,Real,0.8027278184890747
real_13081_4995.jpg,Fake,Real,0.8027278184890747
real_11224_3263.jpg,Fake,Real,0.8027278184890747
real_1576_2132.jpg,Fake,Real,0.8027278184890747
real_16864_9570.jpg,Fake,Real,0.8027278184890747
fake_32859_6778.jpg,Real,Fake,0.9147176146507263
real_18233_9311.jpg,Fake,Real,0.8027278184890747
real_22348_9201.jpg,Fake,Real,0.8027278184890747
real_39983_5292.jpg,Fake,Real,0.8027278184890747
fake_11635_7605.jpg,Real,Fake,0.7235495448112488
real_9712_5028.jpg,Fake,Real,0.8027278184890747
real_25084_3666.jpg,Fake,Real,0.8027278184890747
real_38882_5633.jpg,Fake,Real,0.8027278184890747
real_20658_7848.jpg,Fake,Real,0.8027278184890747
real_9437_5874.jpg,Fake,Real,0.8027278184890747
real_21094_8957.jpg,Fake,Real,0.8027278184890747
real_993_9728.jpg,Fake,Real,0.8027278184890747
real_28526_5105.jpg,Fake,Real,0.8027278184890747
real_19400_7871.jpg,Fake,Real,0.8027278184890747
real_31018_3621.jpg,Fake,Real,0.9231227561831474
real_12905_2547.jpg,Fake,Real,0.8027278184890747
real_25401_7138.jpg,Fake,Real,0.8027278184890747
real_1063_9542.jpg,Fake,Real,0.8027278184890747
real_8799_1781.jpg,Fake,Real,0.8027278184890747
fake_3965_1632.jpg,Real,Fake,0.6145507097244263
real_23856_9590.jpg,Fake,Real,0.8027278184890747
real_33854_8560.jpg,Fake,Real,0.8027278184890747
real_9640_6269.jpg,Fake,Real,0.8027278184890747
real_56_9248.jpg,Fake,Real,0.8027278184890747
real_39077_3063.jpg,Fake,Real,0.8027278184890747
real_16557_6554.jpg,Fake,Real,0.8027278184890747
real_14653_5169.jpg,Fake,Real,0.8027278184890747
real_13176_8883.jpg,Fake,Real,0.8027278184890747
real_7771_5460.jpg,Fake,Real,0.8027278184890747
real_24423_5656.jpg,Fake,Real,0.8027278184890747
fake_16838_9330.jpg,Real,Fake,0.5193468928337097
fake_39231_7400.jpg,Real,Fake,0.6057650446891785
real_39072_6131.jpg,Fake,Real,0.8027278184890747
fake_20935_5225.jpg,Real,Fake,0.5655285716056824
real_6588_7006.jpg,Fake,Real,0.8027278184890747
real_32042_6980.jpg,Fake,Real,0.8027278184890747
real_33545_4823.jpg,Fake,Real,0.8027278184890747
real_16064_3827.jpg,Fake,Real,0.8027278184890747
real_7980_5890.jpg,Fake,Real,0.8027278184890747
real_11374_8869.jpg,Fake,Real,0.8027278184890747
real_6434_3894.jpg,Fake,Real,0.8027278184890747
real_31805_3821.jpg,Fake,Real,0.8027278184890747
real_10037_5360.jpg,Fake,Real,0.8027278184890747
real_1995_2377.jpg,Fake,Real,0.8027278184890747
real_6978_1617.jpg,Fake,Real,0.8027278184890747
real_2298_8456.jpg,Fake,Real,0.8027278184890747
real_33152_7772.jpg,Fake,Real,0.8027278184890747
real_7573_8248.jpg,Fake,Real,0.8027278184890747
real_2017_5948.jpg,Fake,Real,0.8027278184890747
real_20841_8946.jpg,Fake,Real,0.8027278184890747
real_30535_2650.jpg,Fake,Real,0.5960038006305695
real_35975_6633.jpg,Fake,Real,0.8027278184890747
real_12782_9499.jpg,Fake,Real,0.8027278184890747
real_11209_2320.jpg,Fake,Real,0.8027278184890747
real_19716_5539.jpg,Fake,Real,0.5121456980705261
real_10600_8755.jpg,Fake,Real,0.8027278184890747
real_3340_2376.jpg,Fake,Real,0.8027278184890747
fake_11496_6376.jpg,Real,Fake,0.9998514652252197
real_39216_1890.jpg,Fake,Real,0.8027278184890747
real_35910_3517.jpg,Fake,Real,0.8027278184890747
real_14586_8930.jpg,Fake,Real,0.8027278184890747
real_18232_6355.jpg,Fake,Real,0.8027278184890747
fake_21382_6972.jpg,Real,Fake,0.6719380617141724
real_24996_4368.jpg,Fake,Real,0.8027278184890747
real_10868_4141.jpg,Fake,Real,0.8027278184890747
fake_4069_2218.jpg,Real,Fake,0.6387090682983398
real_13021_1983.jpg,Fake,Real,0.8027278184890747
real_22214_9842.jpg,Fake,Real,0.8027278184890747
real_10216_3530.jpg,Fake,Real,0.8027278184890747
real_11194_6551.jpg,Fake,Real,0.8027278184890747
real_16306_4696.jpg,Fake,Real,0.8027278184890747
real_263_2492.jpg,Fake,Real,0.8027278184890747
real_22226_8735.jpg,Fake,Real,0.7149937152862549
real_22865_2981.jpg,Fake,Real,0.8027278184890747
real_9283_7030.jpg,Fake,Real,0.8027278184890747
real_6219_2008.jpg,Fake,Real,0.8027278184890747
real_27096_7991.jpg,Fake,Real,0.8027278184890747
real_35408_8731.jpg,Fake,Real,0.5142250955104828
real_25140_5394.jpg,Fake,Real,0.8027278184890747
real_22519_5311.jpg,Fake,Real,0.8027278184890747
real_33029_1689.jpg,Fake,Real,0.8027278184890747
real_9791_2907.jpg,Fake,Real,0.8027278184890747
real_1330_3025.jpg,Fake,Real,0.8027278184890747
real_30012_7779.jpg,Fake,Real,0.8752711340785027
real_32010_3319.jpg,Fake,Real,0.8027278184890747
fake_31930_9086.jpg,Real,Fake,0.8598818182945251
real_11359_8376.jpg,Fake,Real,0.8027278184890747
real_14454_6068.jpg,Fake,Real,0.8027278184890747
real_7481_8595.jpg,Fake,Real,0.8027278184890747
real_27418_2794.jpg,Fake,Real,0.6012201309204102
real_13237_5862.jpg,Fake,Real,0.8027278184890747
real_6937_6188.jpg,Fake,Real,0.8027278184890747
real_37543_6701.jpg,Fake,Real,0.8027278184890747
real_26612_9300.jpg,Fake,Real,0.8027278184890747
real_326_3118.jpg,Fake,Real,0.8027278184890747
real_10850_6248.jpg,Fake,Real,0.8027278184890747
real_25461_7030.jpg,Fake,Real,0.5643805861473083
real_2862_7787.jpg,Fake,Real,0.8027278184890747
real_13914_8166.jpg,Fake,Real,0.8027278184890747
real_2323_4636.jpg,Fake,Real,0.8027278184890747
real_3511_4551.jpg,Fake,Real,0.8027278184890747
real_35018_8702.jpg,Fake,Real,0.8027278184890747
real_35883_6381.jpg,Fake,Real,0.8027278184890747
real_9314_6583.jpg,Fake,Real,0.8027278184890747
real_19699_4729.jpg,Fake,Real,0.6547863185405731
fake_7055_9645.jpg,Real,Fake,0.5673283934593201
real_13402_1761.jpg,Fake,Real,0.5539064109325409
fake_16156_7812.jpg,Real,Fake,0.6155184507369995
real_7949_4040.jpg,Fake,Real,0.8027278184890747
real_6267_7972.jpg,Fake,Real,0.8027278184890747
real_11184_6736.jpg,Fake,Real,0.8027278184890747
real_30567_1832.jpg,Fake,Real,0.8027278184890747
real_31953_7829.jpg,Fake,Real,0.8027278184890747
real_4738_6285.jpg,Fake,Real,0.6447234153747559
fake_39564_7909.jpg,Real,Fake,0.8522087931632996
real_23956_7389.jpg,Fake,Real,0.8027278184890747
real_20806_1272.jpg,Fake,Real,0.8027278184890747
real_30770_3841.jpg,Fake,Real,0.8027278184890747
real_37098_5025.jpg,Fake,Real,0.8027278184890747
real_39285_3622.jpg,Fake,Real,0.8027278184890747
fake_25303_4088.jpg,Real,Fake,0.6337119340896606
real_32757_6539.jpg,Fake,Real,0.8027278184890747
real_11880_3631.jpg,Fake,Real,0.8027278184890747
real_17089_2678.jpg,Fake,Real,0.631662905216217
real_38672_4536.jpg,Fake,Real,0.8027278184890747
real_35695_5581.jpg,Fake,Real,0.8027278184890747
real_29080_9876.jpg,Fake,Real,0.8027278184890747
real_5517_9152.jpg,Fake,Real,0.8027278184890747
real_12987_2168.jpg,Fake,Real,0.8027278184890747
fake_25131_7388.jpg,Real,Fake,0.9173120856285095
real_15285_9048.jpg,Fake,Real,0.8027278184890747
real_27627_1017.jpg,Fake,Real,0.6502111256122589
real_11520_5457.jpg,Fake,Real,0.8027278184890747
real_24525_6838.jpg,Fake,Real,0.8027278184890747
real_21675_5826.jpg,Fake,Real,0.8027278184890747
real_20170_1407.jpg,Fake,Real,0.8027278184890747
real_26708_5903.jpg,Fake,Real,0.8027278184890747
real_16600_6837.jpg,Fake,Real,0.8027278184890747
real_30101_7510.jpg,Fake,Real,0.8027278184890747
real_11337_8801.jpg,Fake,Real,0.8027278184890747
real_26486_7247.jpg,Fake,Real,0.8027278184890747
real_38014_2706.jpg,Fake,Real,0.9524652548134327
real_10456_9244.jpg,Fake,Real,0.8027278184890747
real_23454_7068.jpg,Fake,Real,0.8027278184890747
real_10854_9077.jpg,Fake,Real,0.8027278184890747
real_11110_8750.jpg,Fake,Real,0.8027278184890747
real_34006_2725.jpg,Fake,Real,0.8027278184890747
real_182_1011.jpg,Fake,Real,0.5168701410293579
real_19697_4917.jpg,Fake,Real,0.8027278184890747
real_18531_5796.jpg,Fake,Real,0.8027278184890747
real_33129_8873.jpg,Fake,Real,0.8027278184890747
real_19713_7112.jpg,Fake,Real,0.8027278184890747
real_27860_7727.jpg,Fake,Real,0.8027278184890747
real_36051_2395.jpg,Fake,Real,0.8027278184890747
real_29800_3496.jpg,Fake,Real,0.8027278184890747
real_31660_8669.jpg,Fake,Real,0.8027278184890747
real_11429_3906.jpg,Fake,Real,0.8027278184890747
real_26635_5460.jpg,Fake,Real,0.8027278184890747
real_2513_8125.jpg,Fake,Real,0.6388471722602844
real_21458_8695.jpg,Fake,Real,0.8027278184890747
fake_14541_3350.jpg,Real,Fake,0.9974498152732849
real_34464_4686.jpg,Fake,Real,0.8027278184890747
real_32466_9556.jpg,Fake,Real,0.8027278184890747
real_24443_8257.jpg,Fake,Real,0.98980104457587
real_18702_1193.jpg,Fake,Real,0.8027278184890747
real_31483_9850.jpg,Fake,Real,0.8027278184890747
real_33850_4238.jpg,Fake,Real,0.6126100420951843
real_37302_9541.jpg,Fake,Real,0.8027278184890747
real_3227_7753.jpg,Fake,Real,0.8027278184890747
real_26941_3591.jpg,Fake,Real,0.8027278184890747
real_15212_2098.jpg,Fake,Real,0.8027278184890747
real_4055_1148.jpg,Fake,Real,0.8027278184890747
real_32070_6036.jpg,Fake,Real,0.8027278184890747
real_6195_4892.jpg,Fake,Real,0.8027278184890747
real_39706_5012.jpg,Fake,Real,0.6685349345207214
real_20838_5109.jpg,Fake,Real,0.8027278184890747
fake_3249_6578.jpg,Real,Fake,0.8481829166412354
real_31986_3668.jpg,Fake,Real,0.8027278184890747
real_39687_4470.jpg,Fake,Real,0.8027278184890747
real_16292_2897.jpg,Fake,Real,0.8027278184890747
real_1012_4890.jpg,Fake,Real,0.8027278184890747
real_14884_6938.jpg,Fake,Real,0.8027278184890747
real_33463_7377.jpg,Fake,Real,0.8027278184890747
real_39366_5123.jpg,Fake,Real,0.6141335964202881
real_6416_9353.jpg,Fake,Real,0.8027278184890747
real_19402_8203.jpg,Fake,Real,0.8027278184890747
real_27023_1725.jpg,Fake,Real,0.8027278184890747
real_12883_1891.jpg,Fake,Real,0.8027278184890747
real_30517_8405.jpg,Fake,Real,0.8027278184890747
real_39034_2818.jpg,Fake,Real,0.8027278184890747
real_29253_3342.jpg,Fake,Real,0.8027278184890747
real_11764_6422.jpg,Fake,Real,0.8027278184890747
real_1673_7225.jpg,Fake,Real,0.8027278184890747
real_13439_7978.jpg,Fake,Real,0.6985931098461151
real_5572_6462.jpg,Fake,Real,0.8027278184890747
real_20271_8394.jpg,Fake,Real,0.8027278184890747
real_29913_2252.jpg,Fake,Real,0.8027278184890747
real_13794_5159.jpg,Fake,Real,0.8027278184890747
real_19956_8351.jpg,Fake,Real,0.8027278184890747
real_32485_1326.jpg,Fake,Real,0.8027278184890747
real_29596_6400.jpg,Fake,Real,0.5417772531509399
real_11987_7521.jpg,Fake,Real,0.8027278184890747
real_23889_3217.jpg,Fake,Real,0.8027278184890747
real_6011_7090.jpg,Fake,Real,0.8027278184890747
real_2080_8459.jpg,Fake,Real,0.8027278184890747
real_28289_7429.jpg,Fake,Real,0.8027278184890747
real_14930_1003.jpg,Fake,Real,0.8027278184890747
real_25191_2104.jpg,Fake,Real,0.8027278184890747
real_15270_2579.jpg,Fake,Real,0.8027278184890747
real_4878_3654.jpg,Fake,Real,0.8027278184890747
real_32691_6323.jpg,Fake,Real,0.667845219373703
fake_37850_6913.jpg,Real,Fake,0.6347984075546265
real_3072_2776.jpg,Fake,Real,0.8027278184890747
real_2106_1809.jpg,Fake,Real,0.9038971588015556
real_22426_8592.jpg,Fake,Real,0.8027278184890747
real_37485_4130.jpg,Fake,Real,0.8027278184890747
real_39340_2224.jpg,Fake,Real,0.8027278184890747
real_24120_8961.jpg,Fake,Real,0.8027278184890747
real_3905_9523.jpg,Fake,Real,0.8027278184890747
real_12306_8989.jpg,Fake,Real,0.9230000004172325
real_27746_1328.jpg,Fake,Real,0.8027278184890747
real_24298_2956.jpg,Fake,Real,0.8027278184890747
real_8909_6838.jpg,Fake,Real,0.8027278184890747
real_25525_7869.jpg,Fake,Real,0.8027278184890747
real_23753_6020.jpg,Fake,Real,0.8027278184890747
real_32100_2593.jpg,Fake,Real,0.8027278184890747
real_5403_4916.jpg,Fake,Real,0.8027278184890747
real_11099_1303.jpg,Fake,Real,0.8027278184890747
real_10608_2282.jpg,Fake,Real,0.8499334454536438
real_29602_1132.jpg,Fake,Real,0.8027278184890747
real_23786_7604.jpg,Fake,Real,0.8027278184890747
real_17116_8676.jpg,Fake,Real,0.8027278184890747
real_5997_4491.jpg,Fake,Real,0.8027278184890747
real_33469_7032.jpg,Fake,Real,0.945174653083086
real_21088_9948.jpg,Fake,Real,0.8027278184890747
real_3715_9063.jpg,Fake,Real,0.8027278184890747
real_5259_9028.jpg,Fake,Real,0.8027278184890747
real_4020_5830.jpg,Fake,Real,0.8027278184890747
real_36353_9206.jpg,Fake,Real,0.6322641670703888
real_1561_9568.jpg,Fake,Real,0.8027278184890747
real_18946_6710.jpg,Fake,Real,0.8027278184890747
real_21839_4735.jpg,Fake,Real,0.8027278184890747
real_24309_5954.jpg,Fake,Real,0.6398392915725708
real_2976_8632.jpg,Fake,Real,0.8027278184890747
real_3772_1580.jpg,Fake,Real,0.8027278184890747
real_34444_5074.jpg,Fake,Real,0.8027278184890747
real_28805_3026.jpg,Fake,Real,0.8027278184890747
real_24901_3433.jpg,Fake,Real,0.8027278184890747
fake_7455_6039.jpg,Real,Fake,0.7331215143203735
real_24242_2531.jpg,Fake,Real,0.8027278184890747
real_22733_3942.jpg,Fake,Real,0.8027278184890747
real_36373_1179.jpg,Fake,Real,0.8027278184890747
fake_17309_8718.jpg,Real,Fake,0.9347187280654907
fake_3711_1240.jpg,Real,Fake,0.5922187566757202
real_36393_8258.jpg,Fake,Real,0.8027278184890747
real_19575_4748.jpg,Fake,Real,0.8027278184890747
real_4826_9214.jpg,Fake,Real,0.8027278184890747
real_11012_4475.jpg,Fake,Real,0.8027278184890747
real_13153_9179.jpg,Fake,Real,0.8027278184890747
real_36765_2769.jpg,Fake,Real,0.8027278184890747
real_8987_5324.jpg,Fake,Real,0.8027278184890747
real_18003_8930.jpg,Fake,Real,0.8027278184890747
real_36003_6326.jpg,Fake,Real,0.8027278184890747
real_20395_6722.jpg,Fake,Real,0.8027278184890747
real_39672_4143.jpg,Fake,Real,0.90950146317482
real_13053_7954.jpg,Fake,Real,0.8027278184890747
real_34805_7068.jpg,Fake,Real,0.8229662328958511
fake_8822_6197.jpg,Real,Fake,0.9737459421157837
real_19394_7000.jpg,Fake,Real,0.8027278184890747
real_38734_8851.jpg,Fake,Real,0.8027278184890747
real_19365_5349.jpg,Fake,Real,0.8027278184890747
real_2074_4948.jpg,Fake,Real,0.8027278184890747
real_23814_9417.jpg,Fake,Real,0.8027278184890747
real_21454_6617.jpg,Fake,Real,0.8357044011354446
real_18967_7981.jpg,Fake,Real,0.8027278184890747
real_39299_2350.jpg,Fake,Real,0.8027278184890747
real_16579_7371.jpg,Fake,Real,0.8027278184890747
real_29797_1235.jpg,Fake,Real,0.8027278184890747
real_9183_3695.jpg,Fake,Real,0.8027278184890747
real_34823_6019.jpg,Fake,Real,0.7965898960828781
real_26200_1196.jpg,Fake,Real,0.8027278184890747
real_31868_7661.jpg,Fake,Real,0.8027278184890747
fake_3422_8044.jpg,Real,Fake,0.5106669068336487
real_21696_7888.jpg,Fake,Real,0.8027278184890747
real_14387_9765.jpg,Fake,Real,0.8027278184890747
real_33612_2816.jpg,Fake,Real,0.8027278184890747
real_27925_8816.jpg,Fake,Real,0.8027278184890747
real_21539_8552.jpg,Fake,Real,0.8027278184890747
real_9197_3703.jpg,Fake,Real,0.9075360223650932
real_30961_4693.jpg,Fake,Real,0.8027278184890747
real_22451_4021.jpg,Fake,Real,0.7841906398534775
real_23364_9898.jpg,Fake,Real,0.8027278184890747
fake_4298_3135.jpg,Real,Fake,0.5725364089012146
real_38228_8475.jpg,Fake,Real,0.8027278184890747
real_38958_6775.jpg,Fake,Real,0.8027278184890747
fake_8767_3318.jpg,Real,Fake,0.5156012773513794
real_16169_2179.jpg,Fake,Real,0.8027278184890747
real_19587_9774.jpg,Fake,Real,0.8027278184890747
real_32888_6143.jpg,Fake,Real,0.8027278184890747
real_29923_2615.jpg,Fake,Real,0.801913782954216
real_18052_8378.jpg,Fake,Real,0.8027278184890747
real_702_5919.jpg,Fake,Real,0.8027278184890747
real_31784_3931.jpg,Fake,Real,0.8027278184890747
real_26789_4792.jpg,Fake,Real,0.8027278184890747
real_11199_7291.jpg,Fake,Real,0.8027278184890747
real_14626_3206.jpg,Fake,Real,0.9246559962630272
real_16250_7249.jpg,Fake,Real,0.8027278184890747
real_21491_2195.jpg,Fake,Real,0.8027278184890747
real_31119_6708.jpg,Fake,Real,0.9985224398551509
real_6157_5737.jpg,Fake,Real,0.8027278184890747
real_15951_6602.jpg,Fake,Real,0.8027278184890747
real_13356_3889.jpg,Fake,Real,0.8027278184890747
real_3937_6870.jpg,Fake,Real,0.8027278184890747
real_11984_6035.jpg,Fake,Real,0.8027278184890747
real_14511_5054.jpg,Fake,Real,0.8703873306512833
real_36612_8781.jpg,Fake,Real,0.8027278184890747
fake_25525_9249.jpg,Real,Fake,0.642426073551178
real_14304_6345.jpg,Fake,Real,0.8027278184890747
real_26244_2985.jpg,Fake,Real,0.8027278184890747
real_20694_2570.jpg,Fake,Real,0.8027278184890747
real_29467_9501.jpg,Fake,Real,0.8027278184890747
real_32927_6620.jpg,Fake,Real,0.9130262732505798
real_8290_2381.jpg,Fake,Real,0.8027278184890747
real_5284_9426.jpg,Fake,Real,0.8027278184890747
real_30955_8984.jpg,Fake,Real,0.8027278184890747
real_22244_2188.jpg,Fake,Real,0.8027278184890747
real_1001_6238.jpg,Fake,Real,0.8027278184890747
real_20617_8622.jpg,Fake,Real,0.8027278184890747
real_5673_5432.jpg,Fake,Real,0.8027278184890747
real_21357_9403.jpg,Fake,Real,0.8027278184890747
real_32303_4810.jpg,Fake,Real,0.8027278184890747
real_21702_5810.jpg,Fake,Real,0.8027278184890747
fake_21093_9118.jpg,Real,Fake,0.6164646148681641
real_17902_2623.jpg,Fake,Real,0.8100918233394623
real_22828_5330.jpg,Fake,Real,0.8027278184890747
real_4272_5615.jpg,Fake,Real,0.8027278184890747
fake_29351_6294.jpg,Real,Fake,0.5860731601715088
real_26573_2090.jpg,Fake,Real,0.8027278184890747
real_19378_8138.jpg,Fake,Real,0.8027278184890747
real_4146_2831.jpg,Fake,Real,0.8027278184890747
real_11466_5199.jpg,Fake,Real,0.7557614892721176
real_8391_7283.jpg,Fake,Real,0.8027278184890747
fake_12506_4945.jpg,Real,Fake,0.7190605401992798
real_31902_9979.jpg,Fake,Real,0.8027278184890747
real_11340_3582.jpg,Fake,Real,0.8027278184890747
real_8636_8226.jpg,Fake,Real,0.8027278184890747
real_10079_3978.jpg,Fake,Real,0.7028065919876099
fake_22304_9836.jpg,Real,Fake,0.756059467792511
real_36384_9989.jpg,Fake,Real,0.6774948239326477
real_6211_7563.jpg,Fake,Real,0.8027278184890747
real_502_5644.jpg,Fake,Real,0.8027278184890747
real_29479_8277.jpg,Fake,Real,0.8027278184890747
real_34353_5988.jpg,Fake,Real,0.8027278184890747
real_10095_6192.jpg,Fake,Real,0.7731456160545349
real_16974_9146.jpg,Fake,Real,0.646236926317215
real_12857_2538.jpg,Fake,Real,0.8027278184890747
real_17938_7941.jpg,Fake,Real,0.8027278184890747
real_15560_5510.jpg,Fake,Real,0.8027278184890747
real_1034_6180.jpg,Fake,Real,0.8027278184890747
real_17252_8638.jpg,Fake,Real,0.9643466547131538
fake_35431_1041.jpg,Real,Fake,0.8228008151054382
real_20126_6050.jpg,Fake,Real,0.8027278184890747
real_38365_9694.jpg,Fake,Real,0.8027278184890747
real_38817_1808.jpg,Fake,Real,0.8027278184890747
real_13067_5835.jpg,Fake,Real,0.6124850213527679
real_4587_7251.jpg,Fake,Real,0.8027278184890747
real_29262_9655.jpg,Fake,Real,0.8027278184890747
real_11558_2121.jpg,Fake,Real,0.8027278184890747
real_20200_7042.jpg,Fake,Real,0.8027278184890747
real_33233_6633.jpg,Fake,Real,0.8027278184890747
real_22701_5855.jpg,Fake,Real,0.8027278184890747
real_29791_7147.jpg,Fake,Real,0.8027278184890747
real_29619_1727.jpg,Fake,Real,0.5125027596950531
real_15897_5434.jpg,Fake,Real,0.8027278184890747
real_3007_7081.jpg,Fake,Real,0.8027278184890747
real_5008_3961.jpg,Fake,Real,0.8027278184890747
real_22275_1662.jpg,Fake,Real,0.8027278184890747
real_4206_5657.jpg,Fake,Real,0.8027278184890747
real_29477_6581.jpg,Fake,Real,0.8027278184890747
real_35382_9200.jpg,Fake,Real,0.8027278184890747
real_25115_7271.jpg,Fake,Real,0.8027278184890747
real_15283_5501.jpg,Fake,Real,0.8027278184890747
fake_22535_1620.jpg,Real,Fake,0.8940719962120056
fake_29996_4235.jpg,Real,Fake,0.9236878752708435
real_21353_2210.jpg,Fake,Real,0.8027278184890747
real_38174_8292.jpg,Fake,Real,0.8027278184890747
real_34521_6398.jpg,Fake,Real,0.8027278184890747
real_5086_1758.jpg,Fake,Real,0.8027278184890747
real_9817_1734.jpg,Fake,Real,0.8027278184890747
real_26648_7501.jpg,Fake,Real,0.8027278184890747
real_8333_7418.jpg,Fake,Real,0.6028861403465271
real_18872_5895.jpg,Fake,Real,0.6647418439388275
fake_21529_2849.jpg,Real,Fake,0.7446967363357544
real_16365_2093.jpg,Fake,Real,0.8027278184890747
real_38529_4245.jpg,Fake,Real,0.8027278184890747
real_10401_3347.jpg,Fake,Real,0.8027278184890747
real_11963_2844.jpg,Fake,Real,0.7572612017393112
real_18585_1786.jpg,Fake,Real,0.8027278184890747
real_27026_7420.jpg,Fake,Real,0.8027278184890747
real_11946_5434.jpg,Fake,Real,0.7056004703044891
real_37757_5212.jpg,Fake,Real,0.8027278184890747
real_25540_8706.jpg,Fake,Real,0.5973547399044037
real_29738_6132.jpg,Fake,Real,0.8027278184890747
real_21901_4319.jpg,Fake,Real,0.8027278184890747
real_23477_2601.jpg,Fake,Real,0.8027278184890747
real_2301_9069.jpg,Fake,Real,0.8027278184890747
real_29326_6799.jpg,Fake,Real,0.8027278184890747
real_10067_2329.jpg,Fake,Real,0.8027278184890747
real_17783_7170.jpg,Fake,Real,0.8027278184890747
real_29053_5902.jpg,Fake,Real,0.8027278184890747
fake_32792_7344.jpg,Real,Fake,0.6550379991531372
real_24619_8319.jpg,Fake,Real,0.8027278184890747
real_14177_2849.jpg,Fake,Real,0.8027278184890747
real_7664_1303.jpg,Fake,Real,0.8027278184890747
real_4707_8673.jpg,Fake,Real,0.8488046377897263
real_32482_5733.jpg,Fake,Real,0.5078183710575104
real_23843_3774.jpg,Fake,Real,0.8027278184890747
real_16168_3687.jpg,Fake,Real,0.8027278184890747
fake_23697_1296.jpg,Real,Fake,0.7284867763519287
real_15780_8860.jpg,Fake,Real,0.8027278184890747
fake_13432_7267.jpg,Real,Fake,0.5343376398086548
real_7880_9830.jpg,Fake,Real,0.8027278184890747
real_30199_6134.jpg,Fake,Real,0.8027278184890747
real_14395_8973.jpg,Fake,Real,0.8027278184890747
real_32521_7251.jpg,Fake,Real,0.8027278184890747
real_37199_4936.jpg,Fake,Real,0.6838141083717346
real_34623_2489.jpg,Fake,Real,0.8027278184890747
real_39633_2664.jpg,Fake,Real,0.8027278184890747
real_15796_2479.jpg,Fake,Real,0.8027278184890747
real_38690_4255.jpg,Fake,Real,0.8027278184890747
real_9402_7152.jpg,Fake,Real,0.8027278184890747
real_11933_2457.jpg,Fake,Real,0.8027278184890747
real_29622_1870.jpg,Fake,Real,0.8027278184890747
real_19820_4425.jpg,Fake,Real,0.8027278184890747
real_3413_4495.jpg,Fake,Real,0.8027278184890747
real_26592_3120.jpg,Fake,Real,0.8027278184890747
fake_38673_8230.jpg,Real,Fake,0.6482221484184265
real_17770_7322.jpg,Fake,Real,0.8027278184890747
real_23396_5673.jpg,Fake,Real,0.8027278184890747
real_28658_8340.jpg,Fake,Real,0.8027278184890747
real_29264_2645.jpg,Fake,Real,0.8027278184890747
real_16364_1688.jpg,Fake,Real,0.8027278184890747
real_279_8491.jpg,Fake,Real,0.8027278184890747
real_12371_4649.jpg,Fake,Real,0.7107762396335602
real_16917_1547.jpg,Fake,Real,0.8027278184890747
fake_7320_7636.jpg,Real,Fake,0.9717087149620056
real_32928_9846.jpg,Fake,Real,0.8027278184890747
real_29768_8754.jpg,Fake,Real,0.8027278184890747
real_9456_9694.jpg,Fake,Real,0.8027278184890747
real_25159_6342.jpg,Fake,Real,0.5932475030422211
real_6715_9889.jpg,Fake,Real,0.8027278184890747
real_2268_8568.jpg,Fake,Real,0.8027278184890747
real_10740_9530.jpg,Fake,Real,0.8027278184890747
real_12416_7540.jpg,Fake,Real,0.8027278184890747
fake_35734_1963.jpg,Real,Fake,0.5223499536514282
real_18462_1380.jpg,Fake,Real,0.8027278184890747
real_35602_4797.jpg,Fake,Real,0.8027278184890747
real_30721_8385.jpg,Fake,Real,0.8027278184890747
real_38303_4147.jpg,Fake,Real,0.6913587152957916
real_32844_4586.jpg,Fake,Real,0.8027278184890747
real_21389_6325.jpg,Fake,Real,0.8027278184890747
real_8669_9812.jpg,Fake,Real,0.8027278184890747
real_20187_9507.jpg,Fake,Real,0.8027278184890747
real_16968_6708.jpg,Fake,Real,0.8027278184890747
real_35775_5062.jpg,Fake,Real,0.8027278184890747
real_6811_7239.jpg,Fake,Real,0.8027278184890747
real_32686_4377.jpg,Fake,Real,0.8027278184890747
real_36016_3221.jpg,Fake,Real,0.8027278184890747
real_22663_1419.jpg,Fake,Real,0.8027278184890747
real_888_1153.jpg,Fake,Real,0.8027278184890747
real_8717_6869.jpg,Fake,Real,0.8027278184890747
real_6376_1150.jpg,Fake,Real,0.8027278184890747
real_28104_5330.jpg,Fake,Real,0.8027278184890747
fake_37617_2075.jpg,Real,Fake,0.9906716346740723
real_18275_6486.jpg,Fake,Real,0.8027278184890747
real_14750_4613.jpg,Fake,Real,0.8027278184890747
real_9341_1608.jpg,Fake,Real,0.8027278184890747
real_19662_9981.jpg,Fake,Real,0.8027278184890747
real_11704_5281.jpg,Fake,Real,0.5297013521194458
real_11083_3205.jpg,Fake,Real,0.8027278184890747
real_32348_3958.jpg,Fake,Real,0.8027278184890747
real_24332_6403.jpg,Fake,Real,0.8027278184890747
real_29952_1427.jpg,Fake,Real,0.8027278184890747
real_21908_6981.jpg,Fake,Real,0.8027278184890747
real_36704_1124.jpg,Fake,Real,0.8027278184890747
real_35389_1886.jpg,Fake,Real,0.8027278184890747
real_16267_2985.jpg,Fake,Real,0.8027278184890747
real_2956_7226.jpg,Fake,Real,0.8027278184890747
real_30719_8614.jpg,Fake,Real,0.8027278184890747
real_18759_2246.jpg,Fake,Real,0.8027278184890747
real_32359_8410.jpg,Fake,Real,0.8027278184890747
real_1320_4057.jpg,Fake,Real,0.8027278184890747
real_38491_1843.jpg,Fake,Real,0.8027278184890747
real_25761_9178.jpg,Fake,Real,0.8027278184890747
real_19593_6238.jpg,Fake,Real,0.8027278184890747
real_20073_1314.jpg,Fake,Real,0.8027278184890747
real_28375_4416.jpg,Fake,Real,0.8027278184890747
real_260_1211.jpg,Fake,Real,0.6722688376903534
real_4450_2648.jpg,Fake,Real,0.8027278184890747
real_31165_1294.jpg,Fake,Real,0.8027278184890747
real_37611_6633.jpg,Fake,Real,0.8027278184890747
real_4075_8906.jpg,Fake,Real,0.8027278184890747
real_16208_6979.jpg,Fake,Real,0.8027278184890747
real_3544_6529.jpg,Fake,Real,0.8027278184890747
fake_20494_3271.jpg,Real,Fake,0.5813069939613342
real_34135_6729.jpg,Fake,Real,0.8027278184890747
real_28385_8719.jpg,Fake,Real,0.8027278184890747
real_16166_5696.jpg,Fake,Real,0.8027278184890747
real_19666_3671.jpg,Fake,Real,0.8027278184890747
real_15927_6610.jpg,Fake,Real,0.8027278184890747
real_36655_3170.jpg,Fake,Real,0.8027278184890747
real_25613_7146.jpg,Fake,Real,0.8027278184890747
real_9971_5143.jpg,Fake,Real,0.8027278184890747
real_7185_8172.jpg,Fake,Real,0.5437670052051544
real_470_9271.jpg,Fake,Real,0.8027278184890747
real_30289_1331.jpg,Fake,Real,0.8027278184890747
real_30657_6233.jpg,Fake,Real,0.8027278184890747
real_6523_9530.jpg,Fake,Real,0.8027278184890747
real_174_9076.jpg,Fake,Real,0.8027278184890747
real_22022_5480.jpg,Fake,Real,0.8027278184890747
real_25435_4992.jpg,Fake,Real,0.8027278184890747
real_29711_9098.jpg,Fake,Real,0.8027278184890747
fake_14612_6564.jpg,Real,Fake,0.587520956993103
real_38362_2264.jpg,Fake,Real,0.8027278184890747
fake_3360_4993.jpg,Real,Fake,0.5473328232765198
fake_18713_5434.jpg,Real,Fake,0.5748914480209351
real_28_2146.jpg,Fake,Real,0.8027278184890747
real_31825_9794.jpg,Fake,Real,0.8027278184890747
fake_22943_1363.jpg,Real,Fake,0.6049508452415466
real_4983_6205.jpg,Fake,Real,0.8027278184890747
real_36216_5435.jpg,Fake,Real,0.8027278184890747
real_13577_4132.jpg,Fake,Real,0.8027278184890747
fake_20473_5686.jpg,Real,Fake,0.8563467264175415
real_7307_5207.jpg,Fake,Real,0.8027278184890747
real_20562_2679.jpg,Fake,Real,0.8027278184890747
real_11571_7364.jpg,Fake,Real,0.7917226999998093
real_9021_8998.jpg,Fake,Real,0.8027278184890747
real_13305_4850.jpg,Fake,Real,0.8027278184890747
real_15629_3333.jpg,Fake,Real,0.7736541777849197
real_13728_9825.jpg,Fake,Real,0.8027278184890747
real_2509_8598.jpg,Fake,Real,0.8027278184890747
real_28307_7937.jpg,Fake,Real,0.8027278184890747
fake_27291_7842.jpg,Real,Fake,0.7227500081062317
real_30641_8585.jpg,Fake,Real,0.8027278184890747
real_37724_1913.jpg,Fake,Real,0.8027278184890747
real_19947_4399.jpg,Fake,Real,0.8027278184890747
real_21810_6794.jpg,Fake,Real,0.8027278184890747
real_34164_4005.jpg,Fake,Real,0.8027278184890747
fake_36502_2858.jpg,Real,Fake,0.6733835339546204
real_36715_1616.jpg,Fake,Real,0.8027278184890747
fake_28510_1307.jpg,Real,Fake,0.5152312517166138
real_1652_7963.jpg,Fake,Real,0.8027278184890747
real_34225_6526.jpg,Fake,Real,0.8027278184890747
real_5031_8965.jpg,Fake,Real,0.8027278184890747
real_14592_7024.jpg,Fake,Real,0.8027278184890747
real_3746_6401.jpg,Fake,Real,0.8027278184890747
real_13362_9976.jpg,Fake,Real,0.8027278184890747
real_37599_6915.jpg,Fake,Real,0.8027278184890747
real_25872_7732.jpg,Fake,Real,0.8027278184890747
real_31552_5045.jpg,Fake,Real,0.8027278184890747
real_15047_6007.jpg,Fake,Real,0.8027278184890747
real_25166_2292.jpg,Fake,Real,0.8691604435443878
real_14040_2790.jpg,Fake,Real,0.8027278184890747
real_11071_6703.jpg,Fake,Real,0.8027278184890747
real_3659_8881.jpg,Fake,Real,0.8027278184890747
real_9888_5307.jpg,Fake,Real,0.8881411328911781
real_7656_9186.jpg,Fake,Real,0.8027278184890747
real_8090_9674.jpg,Fake,Real,0.8027278184890747
real_34377_9104.jpg,Fake,Real,0.8027278184890747
real_39809_4569.jpg,Fake,Real,0.8027278184890747
real_20428_7568.jpg,Fake,Real,0.8027278184890747
real_18133_7783.jpg,Fake,Real,0.8027278184890747
real_17821_8572.jpg,Fake,Real,0.8027278184890747
real_27231_6266.jpg,Fake,Real,0.8027278184890747
real_29836_3174.jpg,Fake,Real,0.8027278184890747
real_22347_6610.jpg,Fake,Real,0.8027278184890747
real_8375_1132.jpg,Fake,Real,0.8027278184890747
real_9645_2219.jpg,Fake,Real,0.8027278184890747
real_16415_1908.jpg,Fake,Real,0.9044559448957443
real_37963_4557.jpg,Fake,Real,0.8027278184890747
real_16019_8195.jpg,Fake,Real,0.8027278184890747
real_26773_7488.jpg,Fake,Real,0.8027278184890747
real_36876_6205.jpg,Fake,Real,0.8027278184890747
real_9850_4409.jpg,Fake,Real,0.8098519295454025
real_17768_3460.jpg,Fake,Real,0.9200795292854309
real_15906_6715.jpg,Fake,Real,0.8027278184890747
real_13497_6866.jpg,Fake,Real,0.8027278184890747
real_26961_6681.jpg,Fake,Real,0.8027278184890747
real_9468_4047.jpg,Fake,Real,0.8027278184890747
real_27859_8547.jpg,Fake,Real,0.8027278184890747
fake_25935_4752.jpg,Real,Fake,0.6532277464866638
real_26282_9921.jpg,Fake,Real,0.8027278184890747
real_29411_9215.jpg,Fake,Real,0.8027278184890747
real_14491_3288.jpg,Fake,Real,0.8027278184890747
real_12240_1381.jpg,Fake,Real,0.8027278184890747
fake_28067_1330.jpg,Real,Fake,0.7806833386421204
fake_39176_1762.jpg,Real,Fake,0.9938137531280518
real_22486_5872.jpg,Fake,Real,0.8027278184890747
real_13204_1465.jpg,Fake,Real,0.8802513182163239
real_18092_6411.jpg,Fake,Real,0.8027278184890747
real_19229_1353.jpg,Fake,Real,0.8027278184890747
real_18782_2651.jpg,Fake,Real,0.8027278184890747
real_28671_3365.jpg,Fake,Real,0.8027278184890747
real_24958_9217.jpg,Fake,Real,0.8034978210926056
real_37746_9716.jpg,Fake,Real,0.8327978849411011
real_17457_1992.jpg,Fake,Real,0.8027278184890747
real_9169_2080.jpg,Fake,Real,0.8027278184890747
real_4981_6485.jpg,Fake,Real,0.8027278184890747
real_12202_3223.jpg,Fake,Real,0.8027278184890747
real_17900_2071.jpg,Fake,Real,0.8027278184890747
fake_10567_8145.jpg,Real,Fake,0.7293244004249573
real_24044_7798.jpg,Fake,Real,0.8027278184890747
real_10026_9132.jpg,Fake,Real,0.8027278184890747
real_33739_4568.jpg,Fake,Real,0.6944228410720825
real_14401_1576.jpg,Fake,Real,0.8027278184890747
real_20186_2456.jpg,Fake,Real,0.8027278184890747
real_1180_4962.jpg,Fake,Real,0.8027278184890747
real_10111_4283.jpg,Fake,Real,0.8027278184890747
real_5079_8410.jpg,Fake,Real,0.8027278184890747
real_36286_4448.jpg,Fake,Real,0.8027278184890747
real_21448_6686.jpg,Fake,Real,0.8027278184890747
real_28409_5895.jpg,Fake,Real,0.8027278184890747
real_32461_3774.jpg,Fake,Real,0.8399121314287186
real_19607_2794.jpg,Fake,Real,0.6158748865127563
real_23593_1001.jpg,Fake,Real,0.8366491496562958
real_12322_3620.jpg,Fake,Real,0.8027278184890747
real_25068_5792.jpg,Fake,Real,0.8027278184890747
fake_19568_8791.jpg,Real,Fake,0.9953189492225647
real_22374_5923.jpg,Fake,Real,0.8027278184890747
real_16393_2499.jpg,Fake,Real,0.8027278184890747
real_32494_2985.jpg,Fake,Real,0.8027278184890747
real_30853_1928.jpg,Fake,Real,0.8027278184890747
real_15986_5009.jpg,Fake,Real,0.8027278184890747
real_13659_4397.jpg,Fake,Real,0.8027278184890747
real_13033_8999.jpg,Fake,Real,0.8027278184890747
real_38848_4386.jpg,Fake,Real,0.8027278184890747
real_17439_6572.jpg,Fake,Real,0.8027278184890747
real_16204_9730.jpg,Fake,Real,0.7709362953901291
real_26907_6743.jpg,Fake,Real,0.8027278184890747
real_32669_6816.jpg,Fake,Real,0.8027278184890747
real_30210_7405.jpg,Fake,Real,0.8027278184890747
real_24956_1135.jpg,Fake,Real,0.8027278184890747
fake_5508_4220.jpg,Real,Fake,0.7293177247047424
real_26920_8690.jpg,Fake,Real,0.8027278184890747
real_22153_3394.jpg,Fake,Real,0.8027278184890747
real_19288_9730.jpg,Fake,Real,0.5663380324840546
real_1530_9150.jpg,Fake,Real,0.8027278184890747
real_11134_8330.jpg,Fake,Real,0.8027278184890747
fake_22214_2401.jpg,Real,Fake,0.5224515199661255
real_13830_8929.jpg,Fake,Real,0.8027278184890747
real_31026_6271.jpg,Fake,Real,0.5153469741344452
real_614_9349.jpg,Fake,Real,0.8027278184890747
fake_34679_5487.jpg,Real,Fake,0.622556209564209
real_12837_1215.jpg,Fake,Real,0.8027278184890747
real_30836_9928.jpg,Fake,Real,0.8027278184890747
real_11231_5476.jpg,Fake,Real,0.8027278184890747
real_11498_8424.jpg,Fake,Real,0.8027278184890747
real_22585_5574.jpg,Fake,Real,0.591022253036499
real_21043_8186.jpg,Fake,Real,0.8027278184890747
real_1285_3471.jpg,Fake,Real,0.8027278184890747
real_3418_8860.jpg,Fake,Real,0.8027278184890747
real_35172_6738.jpg,Fake,Real,0.8027278184890747
real_23207_6832.jpg,Fake,Real,0.8027278184890747
real_4209_6479.jpg,Fake,Real,0.705756425857544
real_26825_4232.jpg,Fake,Real,0.8027278184890747
real_39519_7541.jpg,Fake,Real,0.8027278184890747
real_181_8246.jpg,Fake,Real,0.7273129820823669
real_1220_3992.jpg,Fake,Real,0.8027278184890747
real_30800_8508.jpg,Fake,Real,0.8027278184890747
real_33210_2055.jpg,Fake,Real,0.8027278184890747
real_24890_4997.jpg,Fake,Real,0.8027278184890747
real_5277_4133.jpg,Fake,Real,0.8027278184890747
real_33013_2844.jpg,Fake,Real,0.8354648351669312
real_8223_3976.jpg,Fake,Real,0.8027278184890747
real_18513_8984.jpg,Fake,Real,0.8027278184890747
real_13232_5288.jpg,Fake,Real,0.8027278184890747
real_28853_4026.jpg,Fake,Real,0.8027278184890747
real_2347_8701.jpg,Fake,Real,0.8027278184890747
real_37066_3768.jpg,Fake,Real,0.6957284510135651
real_21415_8298.jpg,Fake,Real,0.8027278184890747
real_12389_6324.jpg,Fake,Real,0.6978133916854858
real_11451_4674.jpg,Fake,Real,0.8027278184890747
real_32130_5239.jpg,Fake,Real,0.8027278184890747
real_1678_5712.jpg,Fake,Real,0.8027278184890747
real_35196_2758.jpg,Fake,Real,0.8667717278003693
real_26400_4521.jpg,Fake,Real,0.8027278184890747
real_30969_9392.jpg,Fake,Real,0.8027278184890747
fake_34018_5806.jpg,Real,Fake,0.5999354124069214
real_24412_5802.jpg,Fake,Real,0.8027278184890747
real_4468_9983.jpg,Fake,Real,0.8027278184890747
real_11891_9915.jpg,Fake,Real,0.8027278184890747
real_13588_7050.jpg,Fake,Real,0.5908052921295166
real_12769_5358.jpg,Fake,Real,0.8027278184890747
real_14293_9781.jpg,Fake,Real,0.9200100973248482
real_16709_1847.jpg,Fake,Real,0.8027278184890747
real_15520_6807.jpg,Fake,Real,0.8027278184890747
real_6838_8629.jpg,Fake,Real,0.8027278184890747
fake_299_1489.jpg,Real,Fake,0.8454209566116333
fake_21643_9602.jpg,Real,Fake,0.5099871754646301
real_28872_8077.jpg,Fake,Real,0.8027278184890747
real_716_8524.jpg,Fake,Real,0.8027278184890747
real_8353_1272.jpg,Fake,Real,0.8027278184890747
real_26466_2606.jpg,Fake,Real,0.8027278184890747
real_35101_6374.jpg,Fake,Real,0.8027278184890747
real_11491_8513.jpg,Fake,Real,0.8027278184890747
real_13230_2661.jpg,Fake,Real,0.8027278184890747
real_36094_1013.jpg,Fake,Real,0.9872685680165887
real_9048_8053.jpg,Fake,Real,0.8027278184890747
real_9390_1408.jpg,Fake,Real,0.7345611155033112
real_38276_7831.jpg,Fake,Real,0.8027278184890747
real_13898_1795.jpg,Fake,Real,0.8027278184890747
real_3703_2356.jpg,Fake,Real,0.8027278184890747
real_11404_1078.jpg,Fake,Real,0.8027278184890747
real_20055_9131.jpg,Fake,Real,0.8027278184890747
real_26452_1187.jpg,Fake,Real,0.8027278184890747
fake_26290_4057.jpg,Real,Fake,0.8259857296943665
real_22370_8764.jpg,Fake,Real,0.8027278184890747
real_15718_4527.jpg,Fake,Real,0.8027278184890747
real_9058_3647.jpg,Fake,Real,0.8027278184890747
real_8244_3613.jpg,Fake,Real,0.8027278184890747
real_37009_2968.jpg,Fake,Real,0.8027278184890747
fake_26506_6402.jpg,Real,Fake,0.5813630223274231
real_29747_4425.jpg,Fake,Real,0.8027278184890747
real_15148_4419.jpg,Fake,Real,0.6283484995365143
real_39888_4281.jpg,Fake,Real,0.8027278184890747
real_39588_4268.jpg,Fake,Real,0.8027278184890747
real_4302_5354.jpg,Fake,Real,0.8027278184890747
real_9214_5360.jpg,Fake,Real,0.8027278184890747
real_29352_7956.jpg,Fake,Real,0.8027278184890747
real_22668_6903.jpg,Fake,Real,0.8027278184890747
real_2992_5342.jpg,Fake,Real,0.8027278184890747
real_32110_8239.jpg,Fake,Real,0.8027278184890747
real_25235_5783.jpg,Fake,Real,0.8039188086986542
real_36886_4242.jpg,Fake,Real,0.8027278184890747
real_33943_5258.jpg,Fake,Real,0.8027278184890747
real_13434_4025.jpg,Fake,Real,0.8027278184890747
real_19151_3522.jpg,Fake,Real,0.8027278184890747
real_33815_6679.jpg,Fake,Real,0.8027278184890747
real_18901_2573.jpg,Fake,Real,0.8027278184890747
fake_30049_1407.jpg,Real,Fake,0.5831005573272705
fake_18569_5668.jpg,Real,Fake,0.714597225189209
real_1100_1208.jpg,Fake,Real,0.8027278184890747
real_17031_2588.jpg,Fake,Real,0.8027278184890747
real_5094_6111.jpg,Fake,Real,0.8027278184890747
real_28634_6341.jpg,Fake,Real,0.8027278184890747
real_37806_7431.jpg,Fake,Real,0.8027278184890747
fake_27850_7910.jpg,Real,Fake,0.6517329216003418
real_39195_4419.jpg,Fake,Real,0.8646308779716492
real_10700_1381.jpg,Fake,Real,0.8027278184890747
real_22476_2103.jpg,Fake,Real,0.7578604221343994
real_4806_3582.jpg,Fake,Real,0.5590988993644714
real_39492_9822.jpg,Fake,Real,0.8027278184890747
real_23580_6155.jpg,Fake,Real,0.8027278184890747
real_7368_3272.jpg,Fake,Real,0.8027278184890747
real_28466_9311.jpg,Fake,Real,0.8027278184890747
real_35056_6918.jpg,Fake,Real,0.8027278184890747
real_24711_2141.jpg,Fake,Real,0.8027278184890747
real_5132_4359.jpg,Fake,Real,0.8027278184890747
real_31661_4451.jpg,Fake,Real,0.8027278184890747
real_20177_9733.jpg,Fake,Real,0.8027278184890747
fake_28621_1574.jpg,Real,Fake,0.7580615878105164
real_13438_3796.jpg,Fake,Real,0.8027278184890747
real_13751_4277.jpg,Fake,Real,0.8027278184890747
real_4431_9160.jpg,Fake,Real,0.8027278184890747
real_8943_1315.jpg,Fake,Real,0.584628701210022
real_16854_6329.jpg,Fake,Real,0.8027278184890747
real_13987_4675.jpg,Fake,Real,0.8703465461730957
real_34564_6578.jpg,Fake,Real,0.8952889293432236
real_35968_1267.jpg,Fake,Real,0.8027278184890747
real_30284_4192.jpg,Fake,Real,0.8027278184890747
real_1258_3416.jpg,Fake,Real,0.8027278184890747
real_21730_8201.jpg,Fake,Real,0.8027278184890747
real_9720_2509.jpg,Fake,Real,0.8027278184890747
real_7828_1283.jpg,Fake,Real,0.8027278184890747
fake_26192_1571.jpg,Real,Fake,0.6862393617630005
real_23629_3199.jpg,Fake,Real,0.9892285289242864
